{"bestParams":{"maxIterationsWithoutImprovement":37,"antsNumber":100,"evaporationRate":0.685956951511917,"heurInfoImportance":3.4745919358118926,"pheromoneImportance":0.5125707487117748},"bestMeanFitness":4475389.617951425}