{"bestParams":{"maxIterationsWithoutImprovement":40,"antsNumber":100,"evaporationRate":0.2736310300298679,"heurInfoImportance":0.9224108279810839,"pheromoneImportance":1.2722248772290712},"bestMeanFitness":4452300.5840251595}