{"bestParams":{"maxIterationsWithoutImprovement":18,"antsNumber":91,"evaporationRate":0.5802189311418633,"heurInfoImportance":3.5504000046447306,"pheromoneImportance":0.5463303502459071},"bestMeanFitness":4471948.179078809}