{"bestParams":{"maxIterationsWithoutImprovement":24,"antsNumber":65,"evaporationRate":0.49073691824004406,"heurInfoImportance":2.071726142967165,"pheromoneImportance":0.6237614349598153},"bestMeanFitness":4476004.717730797}